{
  "__type__": "cc.SpriteFrame",
  "content": {
    "name": "Resume",
    "atlas": "",
    "rect": {
      "x": 2,
      "y": 2,
      "width": 269,
      "height": 114
    },
    "offset": {
      "x": 0,
      "y": 6.5
    },
    "originalSize": {
      "width": 273,
      "height": 131
    },
    "rotated": false,
    "capInsets": [
      0,
      0,
      0,
      0
    ],
    "vertices": {
      "rawPosition": [
        -134.5,
        -57,
        0,
        134.5,
        -57,
        0,
        -134.5,
        57,
        0,
        134.5,
        57,
        0
      ],
      "indexes": [
        0,
        1,
        2,
        2,
        1,
        3
      ],
      "uv": [
        2,
        129,
        271,
        129,
        2,
        15,
        271,
        15
      ],
      "nuv": [
        0.007326007326007326,
        0.11450381679389313,
        0.9926739926739927,
        0.11450381679389313,
        0.007326007326007326,
        0.9847328244274809,
        0.9926739926739927,
        0.9847328244274809
      ],
      "minPos": {
        "x": -134.5,
        "y": -57,
        "z": 0
      },
      "maxPos": {
        "x": 134.5,
        "y": 57,
        "z": 0
      }
    },
    "texture": "f432930b-8b82-461a-9237-9aa732ad4efb@6c48a",
    "packable": true,
    "pixelsToUnit": 100,
    "pivot": {
      "x": 0.5,
      "y": 0.5
    },
    "meshType": 0
  }
}