{
  "__type__": "cc.SpriteFrame",
  "content": {
    "name": "ExitPressed",
    "atlas": "",
    "rect": {
      "x": 2,
      "y": 3,
      "width": 248,
      "height": 106
    },
    "offset": {
      "x": -0.5,
      "y": 0
    },
    "originalSize": {
      "width": 253,
      "height": 112
    },
    "rotated": false,
    "capInsets": [
      0,
      0,
      0,
      0
    ],
    "vertices": {
      "rawPosition": [
        -124,
        -53,
        0,
        124,
        -53,
        0,
        -124,
        53,
        0,
        124,
        53,
        0
      ],
      "indexes": [
        0,
        1,
        2,
        2,
        1,
        3
      ],
      "uv": [
        2,
        109,
        250,
        109,
        2,
        3,
        250,
        3
      ],
      "nuv": [
        0.007905138339920948,
        0.026785714285714284,
        0.9881422924901185,
        0.026785714285714284,
        0.007905138339920948,
        0.9732142857142857,
        0.9881422924901185,
        0.9732142857142857
      ],
      "minPos": {
        "x": -124,
        "y": -53,
        "z": 0
      },
      "maxPos": {
        "x": 124,
        "y": 53,
        "z": 0
      }
    },
    "texture": "dabe3155-b1cc-4ed7-9b17-f1b9e9237617@6c48a",
    "packable": true,
    "pixelsToUnit": 100,
    "pivot": {
      "x": 0.5,
      "y": 0.5
    },
    "meshType": 0
  }
}