{
  "__type__": "cc.SpriteFrame",
  "content": {
    "name": "Title",
    "atlas": "",
    "rect": {
      "x": 0,
      "y": 0,
      "width": 547,
      "height": 555
    },
    "offset": {
      "x": 0,
      "y": 1
    },
    "originalSize": {
      "width": 547,
      "height": 557
    },
    "rotated": false,
    "capInsets": [
      0,
      0,
      0,
      0
    ],
    "vertices": {
      "rawPosition": [
        -273.5,
        -277.5,
        0,
        273.5,
        -277.5,
        0,
        -273.5,
        277.5,
        0,
        273.5,
        277.5,
        0
      ],
      "indexes": [
        0,
        1,
        2,
        2,
        1,
        3
      ],
      "uv": [
        0,
        557,
        547,
        557,
        0,
        2,
        547,
        2
      ],
      "nuv": [
        0,
        0.003590664272890485,
        1,
        0.003590664272890485,
        0,
        1,
        1,
        1
      ],
      "minPos": {
        "x": -273.5,
        "y": -277.5,
        "z": 0
      },
      "maxPos": {
        "x": 273.5,
        "y": 277.5,
        "z": 0
      }
    },
    "texture": "b6087fd7-928e-4600-a2ff-ae4d24559692@6c48a",
    "packable": true,
    "pixelsToUnit": 100,
    "pivot": {
      "x": 0.5,
      "y": 0.5
    },
    "meshType": 0
  }
}