{
  "__type__": "cc.SpriteFrame",
  "content": {
    "name": "Restart",
    "atlas": "",
    "rect": {
      "x": 2,
      "y": 2,
      "width": 269,
      "height": 114
    },
    "offset": {
      "x": -0.5,
      "y": 5.5
    },
    "originalSize": {
      "width": 274,
      "height": 129
    },
    "rotated": false,
    "capInsets": [
      0,
      0,
      0,
      0
    ],
    "vertices": {
      "rawPosition": [
        -134.5,
        -57,
        0,
        134.5,
        -57,
        0,
        -134.5,
        57,
        0,
        134.5,
        57,
        0
      ],
      "indexes": [
        0,
        1,
        2,
        2,
        1,
        3
      ],
      "uv": [
        2,
        127,
        271,
        127,
        2,
        13,
        271,
        13
      ],
      "nuv": [
        0.0072992700729927005,
        0.10077519379844961,
        0.9890510948905109,
        0.10077519379844961,
        0.0072992700729927005,
        0.9844961240310077,
        0.9890510948905109,
        0.9844961240310077
      ],
      "minPos": {
        "x": -134.5,
        "y": -57,
        "z": 0
      },
      "maxPos": {
        "x": 134.5,
        "y": 57,
        "z": 0
      }
    },
    "texture": "40e4a2a2-677d-41a6-a288-3fc617fc0dfe@6c48a",
    "packable": true,
    "pixelsToUnit": 100,
    "pivot": {
      "x": 0.5,
      "y": 0.5
    },
    "meshType": 0
  }
}