{
  "__type__": "cc.SpriteFrame",
  "content": {
    "name": "PlayPressed",
    "atlas": "",
    "rect": {
      "x": 3,
      "y": 2,
      "width": 247,
      "height": 107
    },
    "offset": {
      "x": 0,
      "y": 0
    },
    "originalSize": {
      "width": 253,
      "height": 111
    },
    "rotated": false,
    "capInsets": [
      0,
      0,
      0,
      0
    ],
    "vertices": {
      "rawPosition": [
        -123.5,
        -53.5,
        0,
        123.5,
        -53.5,
        0,
        -123.5,
        53.5,
        0,
        123.5,
        53.5,
        0
      ],
      "indexes": [
        0,
        1,
        2,
        2,
        1,
        3
      ],
      "uv": [
        3,
        109,
        250,
        109,
        3,
        2,
        250,
        2
      ],
      "nuv": [
        0.011857707509881422,
        0.018018018018018018,
        0.9881422924901185,
        0.018018018018018018,
        0.011857707509881422,
        0.9819819819819819,
        0.9881422924901185,
        0.9819819819819819
      ],
      "minPos": {
        "x": -123.5,
        "y": -53.5,
        "z": 0
      },
      "maxPos": {
        "x": 123.5,
        "y": 53.5,
        "z": 0
      }
    },
    "texture": "ce65e4e0-39df-4fcd-89f6-4653906e1f05@6c48a",
    "packable": true,
    "pixelsToUnit": 100,
    "pivot": {
      "x": 0.5,
      "y": 0.5
    },
    "meshType": 0
  }
}