{
  "__type__": "cc.Skeleton",
  "_name": "Skin-1",
  "_objFlags": 0,
  "_native": "",
  "_joints": [
    "mixamorig:Hips/mixamorig:Spine/mixamorig:Spine1/mixamorig:Spine2/mixamorig:Neck",
    "mixamorig:Hips/mixamorig:Spine/mixamorig:Spine1/mixamorig:Spine2/mixamorig:Neck/mixamorig:Head"
  ],
  "_bindposes": [
    {
      "__type__": "cc.Mat4",
      "m00": 24.706100463867188,
      "m01": 7.758216857910156,
      "m02": 7.385472774505615,
      "m03": 0,
      "m04": 7.280388355255127,
      "m05": -25.781400680541992,
      "m06": 2.7280161380767822,
      "m07": 0,
      "m08": 0.5727723836898804,
      "m09": -0.03689809516072273,
      "m10": -1.877294659614563,
      "m11": 0,
      "m12": -0.36684679985046387,
      "m13": 0.7349234223365784,
      "m14": 0.8566288352012634,
      "m15": 1
    },
    {
      "__type__": "cc.Mat4",
      "m00": 24.706100463867188,
      "m01": 7.758216857910156,
      "m02": 7.385472774505615,
      "m03": 0,
      "m04": 7.280388355255127,
      "m05": -25.781400680541992,
      "m06": 2.7280161380767822,
      "m07": 0,
      "m08": 0.5727723836898804,
      "m09": -0.03689809516072273,
      "m10": -1.877294659614563,
      "m11": 0,
      "m12": -0.36684679985046387,
      "m13": 0.5001800656318665,
      "m14": 0.8420076966285706,
      "m15": 1
    }
  ],
  "_hash": 2443861846
}