{
  "__type__": "cc.SpriteFrame",
  "content": {
    "name": "play",
    "atlas": "",
    "rect": {
      "x": 2,
      "y": 5,
      "width": 248,
      "height": 106
    },
    "offset": {
      "x": -0.5,
      "y": 6.5
    },
    "originalSize": {
      "width": 253,
      "height": 129
    },
    "rotated": false,
    "capInsets": [
      0,
      0,
      0,
      0
    ],
    "vertices": {
      "rawPosition": [
        -124,
        -53,
        0,
        124,
        -53,
        0,
        -124,
        53,
        0,
        124,
        53,
        0
      ],
      "indexes": [
        0,
        1,
        2,
        2,
        1,
        3
      ],
      "uv": [
        2,
        124,
        250,
        124,
        2,
        18,
        250,
        18
      ],
      "nuv": [
        0.007905138339920948,
        0.13953488372093023,
        0.9881422924901185,
        0.13953488372093023,
        0.007905138339920948,
        0.9612403100775194,
        0.9881422924901185,
        0.9612403100775194
      ],
      "minPos": {
        "x": -124,
        "y": -53,
        "z": 0
      },
      "maxPos": {
        "x": 124,
        "y": 53,
        "z": 0
      }
    },
    "texture": "178adfff-74ee-4b9c-8403-9086209d8222@6c48a",
    "packable": true,
    "pixelsToUnit": 100,
    "pivot": {
      "x": 0.5,
      "y": 0.5
    },
    "meshType": 0
  }
}