{
  "__type__": "cc.SpriteFrame",
  "content": {
    "name": "GameOver",
    "atlas": "",
    "rect": {
      "x": 1,
      "y": 2,
      "width": 670,
      "height": 254
    },
    "offset": {
      "x": 0,
      "y": -0.5
    },
    "originalSize": {
      "width": 672,
      "height": 257
    },
    "rotated": false,
    "capInsets": [
      0,
      0,
      0,
      0
    ],
    "vertices": {
      "rawPosition": [
        -335,
        -127,
        0,
        335,
        -127,
        0,
        -335,
        127,
        0,
        335,
        127,
        0
      ],
      "indexes": [
        0,
        1,
        2,
        2,
        1,
        3
      ],
      "uv": [
        1,
        255,
        671,
        255,
        1,
        1,
        671,
        1
      ],
      "nuv": [
        0.001488095238095238,
        0.0038910505836575876,
        0.9985119047619048,
        0.0038910505836575876,
        0.001488095238095238,
        0.9922178988326849,
        0.9985119047619048,
        0.9922178988326849
      ],
      "minPos": {
        "x": -335,
        "y": -127,
        "z": 0
      },
      "maxPos": {
        "x": 335,
        "y": 127,
        "z": 0
      }
    },
    "texture": "4785d328-dfa9-4e35-a442-5743ca1441ce@6c48a",
    "packable": true,
    "pixelsToUnit": 100,
    "pivot": {
      "x": 0.5,
      "y": 0.5
    },
    "meshType": 0
  }
}