{
  "__type__": "cc.SpriteFrame",
  "content": {
    "name": "Exit",
    "atlas": "",
    "rect": {
      "x": 3,
      "y": 6,
      "width": 248,
      "height": 106
    },
    "offset": {
      "x": 0.5,
      "y": 5
    },
    "originalSize": {
      "width": 253,
      "height": 128
    },
    "rotated": false,
    "capInsets": [
      0,
      0,
      0,
      0
    ],
    "vertices": {
      "rawPosition": [
        -124,
        -53,
        0,
        124,
        -53,
        0,
        -124,
        53,
        0,
        124,
        53,
        0
      ],
      "indexes": [
        0,
        1,
        2,
        2,
        1,
        3
      ],
      "uv": [
        3,
        122,
        251,
        122,
        3,
        16,
        251,
        16
      ],
      "nuv": [
        0.011857707509881422,
        0.125,
        0.9920948616600791,
        0.125,
        0.011857707509881422,
        0.953125,
        0.9920948616600791,
        0.953125
      ],
      "minPos": {
        "x": -124,
        "y": -53,
        "z": 0
      },
      "maxPos": {
        "x": 124,
        "y": 53,
        "z": 0
      }
    },
    "texture": "fcdf465b-f8df-43fe-8d03-5e02faccfa65@6c48a",
    "packable": true,
    "pixelsToUnit": 100,
    "pivot": {
      "x": 0.5,
      "y": 0.5
    },
    "meshType": 0
  }
}