{
  "__type__": "cc.SpriteFrame",
  "content": {
    "name": "Pause",
    "atlas": "",
    "rect": {
      "x": 0,
      "y": 0,
      "width": 38,
      "height": 41
    },
    "offset": {
      "x": 0,
      "y": 0.5
    },
    "originalSize": {
      "width": 38,
      "height": 42
    },
    "rotated": false,
    "capInsets": [
      0,
      0,
      0,
      0
    ],
    "vertices": {
      "rawPosition": [
        -19,
        -20.5,
        0,
        19,
        -20.5,
        0,
        -19,
        20.5,
        0,
        19,
        20.5,
        0
      ],
      "indexes": [
        0,
        1,
        2,
        2,
        1,
        3
      ],
      "uv": [
        0,
        42,
        38,
        42,
        0,
        1,
        38,
        1
      ],
      "nuv": [
        0,
        0.023809523809523808,
        1,
        0.023809523809523808,
        0,
        1,
        1,
        1
      ],
      "minPos": {
        "x": -19,
        "y": -20.5,
        "z": 0
      },
      "maxPos": {
        "x": 19,
        "y": 20.5,
        "z": 0
      }
    },
    "texture": "dce650d4-6481-4fd1-8e90-645504796169@6c48a",
    "packable": true,
    "pixelsToUnit": 100,
    "pivot": {
      "x": 0.5,
      "y": 0.5
    },
    "meshType": 0
  }
}