{
  "__type__": "cc.SpriteFrame",
  "content": {
    "name": "ContinuePressed",
    "atlas": "",
    "rect": {
      "x": 2,
      "y": 3,
      "width": 377,
      "height": 120
    },
    "offset": {
      "x": 0,
      "y": 0
    },
    "originalSize": {
      "width": 381,
      "height": 126
    },
    "rotated": false,
    "capInsets": [
      0,
      0,
      0,
      0
    ],
    "vertices": {
      "rawPosition": [
        -188.5,
        -60,
        0,
        188.5,
        -60,
        0,
        -188.5,
        60,
        0,
        188.5,
        60,
        0
      ],
      "indexes": [
        0,
        1,
        2,
        2,
        1,
        3
      ],
      "uv": [
        2,
        123,
        379,
        123,
        2,
        3,
        379,
        3
      ],
      "nuv": [
        0.005249343832020997,
        0.023809523809523808,
        0.994750656167979,
        0.023809523809523808,
        0.005249343832020997,
        0.9761904761904762,
        0.994750656167979,
        0.9761904761904762
      ],
      "minPos": {
        "x": -188.5,
        "y": -60,
        "z": 0
      },
      "maxPos": {
        "x": 188.5,
        "y": 60,
        "z": 0
      }
    },
    "texture": "de2a3785-631a-4d86-bb07-fe35f4511ada@6c48a",
    "packable": true,
    "pixelsToUnit": 100,
    "pivot": {
      "x": 0.5,
      "y": 0.5
    },
    "meshType": 0
  }
}