{
  "__type__": "cc.SpriteFrame",
  "content": {
    "name": "Continue",
    "atlas": "",
    "rect": {
      "x": 3,
      "y": 2,
      "width": 376,
      "height": 121
    },
    "offset": {
      "x": 0,
      "y": 3.5
    },
    "originalSize": {
      "width": 382,
      "height": 132
    },
    "rotated": false,
    "capInsets": [
      0,
      0,
      0,
      0
    ],
    "vertices": {
      "rawPosition": [
        -188,
        -60.5,
        0,
        188,
        -60.5,
        0,
        -188,
        60.5,
        0,
        188,
        60.5,
        0
      ],
      "indexes": [
        0,
        1,
        2,
        2,
        1,
        3
      ],
      "uv": [
        3,
        130,
        379,
        130,
        3,
        9,
        379,
        9
      ],
      "nuv": [
        0.007853403141361256,
        0.06818181818181818,
        0.9921465968586387,
        0.06818181818181818,
        0.007853403141361256,
        0.9848484848484849,
        0.9921465968586387,
        0.9848484848484849
      ],
      "minPos": {
        "x": -188,
        "y": -60.5,
        "z": 0
      },
      "maxPos": {
        "x": 188,
        "y": 60.5,
        "z": 0
      }
    },
    "texture": "e77c5336-b80d-44ee-9d5f-57b4d0f240ee@6c48a",
    "packable": true,
    "pixelsToUnit": 100,
    "pivot": {
      "x": 0.5,
      "y": 0.5
    },
    "meshType": 0
  }
}