{
  "__type__": "cc.SpriteFrame",
  "content": {
    "name": "Pause",
    "atlas": "",
    "rect": {
      "x": 0,
      "y": 0,
      "width": 385,
      "height": 186
    },
    "offset": {
      "x": 0,
      "y": 9.5
    },
    "originalSize": {
      "width": 385,
      "height": 205
    },
    "rotated": false,
    "capInsets": [
      0,
      0,
      0,
      0
    ],
    "vertices": {
      "rawPosition": [
        -192.5,
        -93,
        0,
        192.5,
        -93,
        0,
        -192.5,
        93,
        0,
        192.5,
        93,
        0
      ],
      "indexes": [
        0,
        1,
        2,
        2,
        1,
        3
      ],
      "uv": [
        0,
        205,
        385,
        205,
        0,
        19,
        385,
        19
      ],
      "nuv": [
        0,
        0.09268292682926829,
        1,
        0.09268292682926829,
        0,
        1,
        1,
        1
      ],
      "minPos": {
        "x": -192.5,
        "y": -93,
        "z": 0
      },
      "maxPos": {
        "x": 192.5,
        "y": 93,
        "z": 0
      }
    },
    "texture": "bb4066ac-7cec-4cd3-9d92-d21ace31161b@6c48a",
    "packable": true,
    "pixelsToUnit": 100,
    "pivot": {
      "x": 0.5,
      "y": 0.5
    },
    "meshType": 0
  }
}