{
  "__type__": "cc.SpriteFrame",
  "content": {
    "name": "RestartPressed",
    "atlas": "",
    "rect": {
      "x": 3,
      "y": 4,
      "width": 269,
      "height": 114
    },
    "offset": {
      "x": 0.5,
      "y": -1
    },
    "originalSize": {
      "width": 274,
      "height": 120
    },
    "rotated": false,
    "capInsets": [
      0,
      0,
      0,
      0
    ],
    "vertices": {
      "rawPosition": [
        -134.5,
        -57,
        0,
        134.5,
        -57,
        0,
        -134.5,
        57,
        0,
        134.5,
        57,
        0
      ],
      "indexes": [
        0,
        1,
        2,
        2,
        1,
        3
      ],
      "uv": [
        3,
        116,
        272,
        116,
        3,
        2,
        272,
        2
      ],
      "nuv": [
        0.010948905109489052,
        0.016666666666666666,
        0.9927007299270073,
        0.016666666666666666,
        0.010948905109489052,
        0.9666666666666667,
        0.9927007299270073,
        0.9666666666666667
      ],
      "minPos": {
        "x": -134.5,
        "y": -57,
        "z": 0
      },
      "maxPos": {
        "x": 134.5,
        "y": 57,
        "z": 0
      }
    },
    "texture": "4ffd92fe-b8f6-469c-baf3-94c62b72e94d@6c48a",
    "packable": true,
    "pixelsToUnit": 100,
    "pivot": {
      "x": 0.5,
      "y": 0.5
    },
    "meshType": 0
  }
}