{
  "__type__": "cc.SpriteFrame",
  "content": {
    "name": "ResumePressed",
    "atlas": "",
    "rect": {
      "x": 4,
      "y": 2,
      "width": 269,
      "height": 114
    },
    "offset": {
      "x": 1,
      "y": 1
    },
    "originalSize": {
      "width": 275,
      "height": 120
    },
    "rotated": false,
    "capInsets": [
      0,
      0,
      0,
      0
    ],
    "vertices": {
      "rawPosition": [
        -134.5,
        -57,
        0,
        134.5,
        -57,
        0,
        -134.5,
        57,
        0,
        134.5,
        57,
        0
      ],
      "indexes": [
        0,
        1,
        2,
        2,
        1,
        3
      ],
      "uv": [
        4,
        118,
        273,
        118,
        4,
        4,
        273,
        4
      ],
      "nuv": [
        0.014545454545454545,
        0.03333333333333333,
        0.9927272727272727,
        0.03333333333333333,
        0.014545454545454545,
        0.9833333333333333,
        0.9927272727272727,
        0.9833333333333333
      ],
      "minPos": {
        "x": -134.5,
        "y": -57,
        "z": 0
      },
      "maxPos": {
        "x": 134.5,
        "y": 57,
        "z": 0
      }
    },
    "texture": "064caaf4-49dd-4286-80b5-54d5d97813ed@6c48a",
    "packable": true,
    "pixelsToUnit": 100,
    "pivot": {
      "x": 0.5,
      "y": 0.5
    },
    "meshType": 0
  }
}